{
 "states": [
  [
   "1",
   "2",
   "4"
  ],
  [
   "0",
   "3"
  ],
  [
   "5"
  ]
 ],
 "letters": [
  "a",
  "b"
 ],
 "transition_function": [
  [
   [
    "1",
    "2",
    "4"
   ],
   "a",
   [
    "1",
    "2",
    "4"
   ]
  ],
  [
   [
    "1",
    "2",
    "4"
   ],
   "b",
   [
    "5"
   ]
  ],
  [
   [
    "0",
    "3"
   ],
   "a",
   [
    "0",
    "3"
   ]
  ],
  [
   [
    "0",
    "3"
   ],
   "b",
   [
    "1",
    "2",
    "4"
   ]
  ],
  [
   [
    "5"
   ],
   "a",
   [
    "5"
   ]
  ],
  [
   [
    "5"
   ],
   "b",
   [
    "5"
   ]
  ]
 ],
 "start_states": [
  "0",
  "3"
 ],
 "final_states": [
  [
   "1",
   "2",
   "4"
  ]
 ]
}