{
 "states": [
  "q0",
  "q1",
  "q2",
  "q3",
  "q4",
  "q5",
  "q6",
  "q7",
  "q8",
  "q9",
  "q10",
  "q11",
  "q12"
 ],
 "letters": [
  "a",
  "b"
 ],
 "transition_function": [
  [
   "q0",
   "a",
   "q3"
  ],
  [
   "q0",
   "b",
   "q4"
  ],
  [
   "q0",
   "$",
   "q2"
  ],
  [
   "q2",
   "$",
   "q0"
  ],
  [
   "q2",
   "a",
   "q5"
  ],
  [
   "q3",
   "$",
   "q2"
  ],
  [
   "q4",
   "$",
   "q2"
  ],
  [
   "q5",
   "a",
   "q7"
  ],
  [
   "q5",
   "b",
   "q8"
  ],
  [
   "q5",
   "$",
   "q6"
  ],
  [
   "q6",
   "$",
   "q5"
  ],
  [
   "q6",
   "a",
   "q9"
  ],
  [
   "q7",
   "$",
   "q6"
  ],
  [
   "q8",
   "$",
   "q6"
  ],
  [
   "q9",
   "a",
   "q11"
  ],
  [
   "q9",
   "b",
   "q12"
  ],
  [
   "q9",
   "$",
   "q10"
  ],
  [
   "q10",
   "$",
   "q9"
  ],
  [
   "q10",
   "$",
   "q1"
  ],
  [
   "q11",
   "$",
   "q10"
  ],
  [
   "q12",
   "$",
   "q10"
  ]
 ],
 "start_states": [
  "q0"
 ],
 "final_states": [
  "q1",
  "q10",
  "q9",
  "q11",
  "q12"
 ]
}